"manipulation_condition","manipulation_condition_word","system_justification_GMC","pre_evidence_guilt_belief","alignment_search","post_evidence_similarity","post_evidence_match","post_evidence_guilt_belief","right_wing_authoritarianism_GMC","social_dominance_orientation_GMC","need_for_cognition_GMC","political_orientation","race","education","age","gender","which_stim","observation1","observation1_code","observation2","observation2_code","observation3","observation3_code","observation4","observation4_code","observation5","observation5_code","observation6","observation6_code","observation7","observation7_code"
0.5,"Confess_Recant",-0.62598814229249,1,3,3,5.5,5.5,0.864087301587304,-0.239130434782608,0.553824691932105,0,"6",2,"20","2",1,"His a's are the same ",0,"the slant is the same ",0,"the s's are also the same",0,"",NA,"",NA,"",NA,"",NA
-0.5,"Maintain_Innocence",-2.25098814229249,-2,0,-2,-7.5,-8.5,-1.96924603174604,-1.48913043478261,1.02441292722622,-2,"6",3,"19","1",1,"The letter U",2,"The Letter A",2,"The letter G",2,"",NA,"",NA,"",NA,"",NA
0.5,"Confess_Recant",-0.62598814229249,-1,-4,-2,-4.5,-4.5,0.447420634920634,0.135869565217392,-0.857940013950245,-1,"6",3,"19","2",2,"The e's don't look similar",1,"The a's on the note of the robbery are a lot bigger than the a's on the handwritten form of Mr. Hines",1,"The g's between ""gun"" and ""agree"" are different ",1,"The words in the note of the robbery, they are more close together rather than the handwritten note by Mr. Hines which is more spaced out and clearer to read ",1,"",NA,"",NA,"",NA
-0.5,"Maintain_Innocence",0.99901185770751,-1,0,-3,-6.5,-5.5,0.447420634920634,0.260869565217392,-0.387351778656125,-2,"4",5,"19","2",2,"Comparing the endings of similar letters such as a reveals a different writing style",2,"",NA,"",NA,"",NA,"",NA,"",NA,"",NA
0.5,"Confess_Recant",1.12401185770751,0,0,0,-4.5,-4.5,0.947420634920634,1.26086956521739,-0.622645896303185,1,"4",2,"","1",1,"spacing",2,"style",2,"size",2,"neatness",2,"spacing",2,"size",2,"neatness",2
0.5,"Confess_Recant",2.24901185770751,2,5,1,5.5,5.5,0.947420634920634,0.0108695652173916,-0.446175308067895,0,"4",5,"22","2",1,"similar writing skill",0,"similar letter",0,"similar shape ",0,"similar size",0,"similar of I",0,"space",2,"sim",2
0.5,"Confess_Recant",1.62401185770751,1,1,1,3.5,-3.5,0.614087301587304,0.260869565217392,-0.446175308067895,0,"4",2,"19","2",2,"the style of writing the letter ""I"" and ""Y"" are very similar",0,"there is possibility that one of the handwrite is use to pretend",2,"or Mr Hines might change to someone else's hand write when the banker is not seeing him",2,"",NA,"",NA,"",NA,"",NA
-0.5,"Maintain_Innocence",1.99901185770751,-1,-3,-2,-6.5,-3.5,-0.385912698412696,-0.114130434782608,0.847942338990935,2,"1,4",5,"20","1",2,"in the gun and understand the ""un"" is connected differently. In B the u is a part of n while in A they are not",1,"Keep and agree. ""ee""s are different",1,"K letters are different - Keep and talk",1,"The first one consist of multiple sentences while the second is one long sentance ",2,"",NA,"",NA,"",NA
0.5,"Confess_Recant",-0.12598814229249,-1,-6,-3,-6.5,-6.5,-1.96924603174604,-1.11413043478261,-0.504998837479655,-1,"4",3,"19","1",1,"The capital 'I's are much more slanted in the robbery note.",1,"The bottoms of letters look more 'unfinished' in the robbery note.",1,"The ls slant different ways in the robbery note vs. the form.",1,"The handwriting is much more spaced out in the robbery note.",1,"The curves in the 's's are much more pronounced in the form.",1,"The crosses in the 't's are much lower in the form.",2,"The 'a's are slanted much more vertically in the robbery note.",1
-0.5,"Maintain_Innocence",3.49901185770751,0,-1,2,-6.5,-6.5,0.947420634920634,0.510869565217392,-0.681469425714945,-1,"4",5,"21","1",2,"I:The first ""I"" in the robbbery note is similar to what Hines wrote, but the second is different.",2,"The robbbery note is a bit more divided, and Hines's notes have a lot of run-together, which is not something you can play out.",1,"",NA,"",NA,"",NA,"",NA,"",NA
-0.5,"Maintain_Innocence",3.49901185770751,-1,0,-2,-6.5,-6.5,0.864087301587304,-0.239130434782608,-1.56382236689142,-1,"4",5,"","1",1,"letter ""I"". The first ""I"" in the robbery note is similar to the one in Hines' handwriting, but the second one is different, which means it wasn't necessarily Hines who wrote the robbery note.",2,"The letters in the robbery note are a little bit divided, and Hines's notes have a lot of connected strokes, which is not something you can play out.",2,"",NA,"",NA,"",NA,"",NA,"",NA
-0.5,"Maintain_Innocence",1.49901185770751,-1,0,-3,-7.5,-6.5,-1.05257936507937,-0.364130434782608,0.200883515461525,-1,"2",3,"19","1",2,"h",2,"I",2,"s",2,"e",2,"a",2,"u",2,"g",2
0.5,"Confess_Recant",1.37401185770751,2,1,3,7.5,7.5,1.1140873015873,1.63586956521739,-0.622645896303185,2,"4",2,"20","1",2,"letter I ",2,"sloppy E ",2,"the A ",2,"all",2," the ",2,"letters ",2,"are similar",0
0.5,"Confess_Recant",-0.25098814229249,1,-1,-1,-3.5,1.5,0.947420634920634,0.260869565217392,0.965589397814465,0,"4",3,"19","2",1,"Space between words are different but looks intentional",1,"Some letters like R looks so different but A looks the same",2,"",NA,"",NA,"",NA,"",NA,"",NA
-0.5,"Maintain_Innocence",1.24901185770751,0,7,-2,4.5,5.5,1.1140873015873,1.13586956521739,-0.681469425714945,-2,"4",3,"21","1",1,"The way they write I just look similar",0,"The way they write II just look similar",0,"The way they write a just look similar",0,"The way they write c just look similar",0,"The way they write h just look similar",0,"The way they write k just look similar",0,"The way they write n just look similar",0
-0.5,"Maintain_Innocence",0.87401185770751,1,7,-1,5.5,7.5,0.947420634920634,1.01086956521739,-0.328528249244365,1,"6",2,"21","1",2,"writing looks very similar ",0,"The I's look almost identical ",0,"writing looks very similar ",0,"writing looks very similar ",0,"writing looks very similar ",0,"writing looks very similar ",0,"writing looks very similar ",0
-0.5,"Maintain_Innocence",2.24901185770751,-1,2,2,6.5,5.5,0.364087301587304,1.13586956521739,-0.799116484538475,-1,"1",2,"18","1",1,"Very similar writing style",0,"Letter u",2,"Letter n",2,"Letter a",2,"Letter o",2,"Original unnaturally spaced out, shows intention to not mimic usual handwriting",2,"Original looks like its written quickly, but lots of letters still very similar",0
0.5,"Confess_Recant",1.49901185770751,-1,4,0,-6.5,-4.5,2.03075396825396,2.13586956521739,0.847942338990935,-3,"6",2,"19","5",1,"The I is slanted in different directions",1,"However other letters look similar",0,"The o is similar",0,"The a is smiliae",2,"The n is very similar",0,"The e is simikar",0,"The overlap is similar",0
-0.5,"Maintain_Innocence",0.99901185770751,0,2,1,4.5,-4.5,-0.135912698412696,1.01086956521739,-1.32852824924437,0,"4",3,"20","2",2,"the ""a""s look similar",0,"""I""s also look similar",0,"l",2,"u",2,"n",2,"s",2,"e",2
-0.5,"Maintain_Innocence",-1.00098814229249,0,-2,-2,-4.5,-2.5,-2.3859126984127,-1.48913043478261,0.612648221343875,-2,"1,3",3,"20","2",1,"The way the letters are written and the spacing.",2,"The letters dont really look the same especially the h and u. The",0,"second note the words are much closer together, in the first note theya",2,"are very far apart. In the second note the individual letters are also",2,"closer together than in the first. I think the handwriting looks a ",1,"little bit similar but not enough to be the same person, he could",1,"have changed it but there seems like a lot of small differences. ",1
0.5,"Confess_Recant",-1.37598814229249,0,0,-3,-6.5,-2.5,-2.21924603174604,-1.73913043478261,1.61264822134387,-2,"4",3,"18","2",2,"K",2,"T",2,"G",2,"h",2,"s",2,"t",2,"I",2
-0.5,"Maintain_Innocence",-0.000988142292490224,-1,0,-1,-3.5,-3.5,0.197420634920634,0.760869565217392,-1.15205766100906,0,"4",2,"20","2",1,"I",2,"Spacing of words ",2,"quiet ",2,"all ",2,"call",2,"",NA,"",NA
0.5,"Confess_Recant",-0.75098814229249,0,7,2,5.5,3.5,-0.552579365079366,0.885869565217392,-0.0344106021855346,0,"1,2,6",5,"21","1",1,"The ""I""s are similar",0,"The ""T""s are similar",0,"The slant of the words is similar",0,"The ""a""s are similar",0,"Spacing is similar",0,"Period is similar",0,"Diction is similar",0
-0.5,"Maintain_Innocence",0.87401185770751,-1,0,3,6.5,6.5,0.114087301587304,-0.864130434782608,0.377354103696815,0,"4",5,"22","2",2,"a",2,"e",2,"s",2,"l",2,"t",2,"y",2,"g",2
-0.5,"Maintain_Innocence",-1.12598814229249,0,-3,-2,-3.5,-3.5,0.114087301587304,0.760869565217392,-0.152057661009064,-1,"2",3,"18","2",2,"a, the a in exhibit B looked rounder and more fluid than exhibit A",1,"I, the I in exhibit A are disconnected, created by 3 distinct separate strokes, whereas exhibit B looks more connected.",1,"g, the g in exhibit A is longer, looser and rounder, the g in exhibit B is more controlled. ",1,"",NA,"",NA,"",NA,"",NA
0.5,"Confess_Recant",-0.25098814229249,-1,-5,-2,-3.5,2.5,1.19742063492063,1.13586956521739,-0.622645896303185,0,"4",4,"19","2",1,"Alphabets look different",1,"Space between letters is different",1,"The way he writes r is kind of unique so I'm not entirely sure. They're similar",1,"In the first one i is as tall as l",2,"But in the second one i is shorter than l",1,"Second one is more round",1,"The way he writes S is kind of suspicious though",2
0.5,"Confess_Recant",-0.37598814229249,1,-2,2,-2.5,-6.5,-0.802579365079366,-0.489130434782608,0.318530574285055,-2,"4",2,"19","1",1,"I compared the letters 's', 'g', 'I', and 'y'. While the other letters are mostly similar, these letters showed the most disparity among each sample.",0,"The letter 'g' is probably the most dissimilar here",2,"The spacing between each word is quite different",1,"The upper letter has all of the 'I's dotted, while those in the lower letter do not",2,"Writing in the upper letter is slightly slanted to the right, while that in the lower one is relatively upright",2,"The capital 'I' in each letter is very different",1,"the lower case 't' in each letter is very different",1
-0.5,"Maintain_Innocence",0.37401185770751,-1,-1,-2,-5.5,-6.5,-1.46924603174604,1.13586956521739,1.9067658684027,-1,"4",5,"21","1",2,"The second ""I"" in the first note seems to me quiet different from both ""I""s in the second note.",1,"The upward parts of the ""u""s in the first note are relatively straight, whereas the upward part of the ""u"" in the second note is relatively curved.",2,"",NA,"",NA,"",NA,"",NA,"",NA
-0.5,"Maintain_Innocence",1.49901185770751,0,1,3,5.5,-4.5,0.780753968253965,1.76086956521739,-0.269704719832595,0,"4",3,"19","1",2,"s",2,"they are very similar in both paper",0,"",NA,"",NA,"",NA,"",NA,"",NA
0.5,"Confess_Recant",0.12401185770751,0,-4,1,-5.5,-5.5,0.780753968253965,0.385869565217392,-0.446175308067895,0,"4",3,"26","2",1,"The capital I is written differently ",1,"the spacing of the sentence ",2,"Exhibit B attends to extend the sentence instead of cutting it off.",2,"h from exhibit A(have) and B(this) is different",1,"The L's Seem to tilt on the opposite side",2,"writing front is bigger",1,"the letter S is written differently ",1
0.5,"Confess_Recant",0.87401185770751,0,0,1,-2.5,-3.5,NA,-0.989130434782608,1.37735410369682,-2,"4",5,"22","2",1,"some letters look very similar;",0," such as a or I, however not similar enough to make that assumption",1,"",NA,"",NA,"",NA,"",NA,"",NA
-0.5,"Maintain_Innocence",-0.12598814229249,0,0,3,3.5,-2.5,1.28075396825396,1.88586956521739,-0.387351778656125,-1,"4",5,"22","2",2,"Look at the individual letter such as “ a” “c”",2,"",NA,"",NA,"",NA,"",NA,"",NA,"",NA
-0.5,"Maintain_Innocence",-2.12598814229249,-1,-4,-4,-8.5,-8.5,0.947420634920634,-1.73913043478261,0.612648221343875,0,"",NA,"","2",2,"The robber does not dot his lower case i but Mr.s Hines does",2,"The s's are different",1,"The y's are different",1,"The u's are different",1,"The a's are different",1,"",NA,"",NA
0.5,"Confess_Recant",0.87401185770751,1,0,-1,5.5,4.5,0.947420634920634,1.51086956521739,-0.681469425714945,1,"3,4",5,"21","1",1,"gun",2,"shoot",2,"cash",2,"",NA,"",NA,"",NA,"",NA
0.5,"Confess_Recant",1.99901185770751,0,2,1,5.5,4.5,1.1140873015873,1.26086956521739,-0.210881190420835,0,"4",2,"22","1",1,"At",2,"Word ""I"" are very similar such as the lenght of the vertical and horizontal line on I ",0,"at - a is similar ",0,"",NA,"",NA,"",NA,"",NA
-0.5,"Maintain_Innocence",-1.00098814229249,0,0,1,2.5,-2.5,-0.885912698412696,-0.114130434782608,-0.210881190420835,-2,"",5,"20","2",2,"I",2,"a",2,"e",2,"h",2,"",NA,"",NA,"",NA
-0.5,"Maintain_Innocence",-0.87598814229249,-1,-1,-2,-5.5,-6.5,1.19742063492063,1.13586956521739,0.847942338990935,0,"6",2,"19","2",1,"i observed the G and the differences on how theyre written",1,"the spacing of the words ",2,"the H and how it 2was written",2,"was a little stuck on the S because it seems to be the only thing similar ",0,"B has more sharp E than A",1,"",NA,"",NA
0.5,"Confess_Recant",0.12401185770751,-1,-2,-3,-1.5,-1.5,1.3640873015873,-0.864130434782608,-2.09323413159731,-1,"2",3,"19","2",2,"The ""I"" looks different in each note.",1,"The I looks different in the second note.",1,"",NA,"",NA,"",NA,"",NA,"",NA
-0.5,"Maintain_Innocence",1.74901185770751,0,1,-1,-2.5,-2.5,0.197420634920634,0.760869565217392,0.377354103696815,0,"4",3,"18","2",2,"the letter “I”s look similar",0,"the  angle of the hand writing is not same",1,"the letter “a”s look similar",0,"m",2,"h",2,"c",2,"e",2
0.5,"Confess_Recant",-0.12598814229249,1,0,0,-4.5,3.5,1.3640873015873,0.385869565217392,-0.269704719832595,0,"1",2,"21","2",2,"",NA,"",NA,"",NA,"",NA,"",NA,"",NA,"",NA
0.5,"Confess_Recant",1.12401185770751,0,0,0,-4.5,-4.5,0.947420634920634,1.26086956521739,-0.622645896303185,-2,"4",5,"21","2",2,"I",2,"",NA,"",NA,"",NA,"",NA,"",NA,"",NA
-0.5,"Maintain_Innocence",-1.00098814229249,0,0,-3,-4.5,-3.5,0.947420634920634,0.635869565217392,2.49500116252035,0,"2",5,"20","1",1,"Matching same letters of the alphabet and comparing ",0,"Because even though an individual can forge a different writing style, they may still be affected by muscle memory",1,"",NA,"",NA,"",NA,"",NA,"",NA
-0.5,"Maintain_Innocence",-1.00098814229249,-1,0,2,4.5,-5.5,-0.0525793650793656,-0.989130434782608,1.14205998604976,-2,"2",2,"19","2",1,"I do see similarities in which the g, u, a, o, s are uniquely written, and one could say that yes he knew to space it out different. However, what makes me believe he is guilty is he was found with no gun, or cash, unless there was an accomplice there must be more evidence besides him fitting a vague description, and slight handwriting similarities. ",2,"",NA,"",NA,"",NA,"",NA,"",NA,"",NA
-0.5,"Maintain_Innocence",1.37401185770751,0,-2,-2,-6.5,-3.5,0.197420634920634,-0.239130434782608,-0.328528249244365,0,"4",4,"21","1",1,"The handwriting of Exhibit B is compact, and there are cursive handwriting habits in Exhibit B. The letters and words in Exhibit A are more discontinuous and there is no cursive handwritings. ",1,"The 'g' and 'h' for the two exhibits are different. They are more casual and somewhat unfinished in Exhibit A, while in Exhibit B they are more formal. ",1,"",NA,"",NA,"",NA,"",NA,"",NA
0.5,"Confess_Recant",-0.12598814229249,0,-1,-2,-6.5,-1.5,-0.135912698412696,0.135869565217392,0.318530574285055,-2,"1,4",3,"20","2",2,"e; in the first sample in the word ""keep,"" the e's are not connected. In the second sample in the word ""agree,"" the e's are connected.",2,"a; the a's in the first sample were taller, whereas they were flat in the second sample.",1,"t; the crosses in the t were higher up in the first sample and lower in the second sample",2,"",NA,"",NA,"",NA,"",NA
-0.5,"Maintain_Innocence",0.12401185770751,0,0,-3,-2.5,-3.5,0.447420634920634,1.38586956521739,0.906765868402696,-1,"4",2,"22","1",2,"a",2,"s",2,"o",2,"n",2,"i",2,"t",2,"d",2
0.5,"Confess_Recant",0.49901185770751,1,-5,-3,-6.5,-5.5,0.364087301587304,0.760869565217392,0.200883515461525,0,"4",3,"21","2",1,"It is obvious these two notes are from different people.",1,"The ways they write every letter are so different. ",1,"The note from bank looks like a person use left hand to write.",2,"Mr. Hines seem used his right hand.",2,"The way they write ""I"" is so different",1,"The space between each word is different in this two notes.",1,"The way they write ""h"" is so different",1
-0.5,"Maintain_Innocence",0.74901185770751,-1,0,-3,-1.5,-5.5,0.197420634920634,1.13586956521739,-0.799116484538475,-2,"6",3,"21","2",1,"The handwriting on the bottom is much neater.",2,"",NA,"",NA,"",NA,"",NA,"",NA,"",NA
0.5,"Confess_Recant",-1.25098814229249,0,0,3,6.5,6.5,-0.635912698412696,-0.489130434782608,-0.857940013950245,0,"2",3,"20","2",2,"a",2,"e",2,"I",2,"",NA,"",NA,"",NA,"",NA
-0.5,"Maintain_Innocence",-1.62598814229249,-1,-6,-3,-6.5,-7.5,-1.3859126984127,-1.36413043478261,-0.446175308067895,-2,"1,6",2,"18","2",2,"The way he wrote certain letters",2,"I's are different in the notes",1,"E's are different",1,"T's are different",1,"K's are different",1,"A's are different",1,"O's are different",1
0.5,"Confess_Recant",0.24901185770751,1,-7,-2,-2.5,5.5,-1.30257936507937,-1.23913043478261,-0.975587072773775,-2,"1",3,"18","2",1,"the ee is different ",1,"u was different ",1,"I was different",1,"h was different ",1,"ll was different",1,"m was different ",1,"g was different",1
-0.5,"Maintain_Innocence",-0.75098814229249,-1,0,-3,-8.5,-7.5,-0.719246031746035,-1.73913043478261,1.73029528016741,-1,"2,6",3,"21","1",2,"The note is written very sloppily compared to sample, additionally the ""t""s on the note all have the sideways dash high up, while the sample has them either centered or lowered.",2,"t",2,"h",2,"g",2,"i",2,"e",2,"a",2
0.5,"Confess_Recant",-1.00098814229249,-1,0,-2,-5.5,-4.5,1.78075396825396,0.260869565217392,-0.681469425714945,1,"2",2,"19","1",1,"The way certain letters were written such as ""e"" and ""y""",2,"",NA,"",NA,"",NA,"",NA,"",NA,"",NA
0.5,"Confess_Recant",-1.37598814229249,0,-1,-3,-5.5,-5.5,-1.21924603174604,-1.73913043478261,-1.09323413159731,-2,"6",3,"19","5",2,"Capital letters, the capital letters in the bank note are significantly bigger than those in the police form",1,"I",2,"g",2,"K",2,"G",2,"h",2,"a",2
-0.5,"Maintain_Innocence",0.49901185770751,1,0,1,-5.5,-5.5,0.947420634920634,-0.114130434782608,-0.622645896303185,0,"4",2,"22","2",1,"Some of the letters don't match",2,"",NA,"",NA,"",NA,"",NA,"",NA,"",NA
-0.5,"Maintain_Innocence",0.62401185770751,-1,0,-1,-6.5,-5.5,1.1140873015873,0.135869565217392,0.142059986049755,1,"4",2,"18","2",1,"the l stroke",2,"the u difference",1,"straight and curve strokes",2,"spacing",2,"size of the letters",2,"writing alignment",2,"r looks a lil similar",0
0.5,"Confess_Recant",2.37401185770751,0,2,-3,4.5,4.5,0.780753968253965,1.38586956521739,-0.152057661009064,-2,"4",3,"18","2",1,"writing style",2,"similar letter spacing",0,"looks very similar at a glance",0," ",2," ",2," ",2," ",2
-0.5,"Maintain_Innocence",0.99901185770751,1,1,1,1.5,0.5,-1.46924603174604,-0.364130434782608,-1.21088119042084,-2,"4",2,"19","2",1,"The I's look similar",0,"s",2,"e",2,"t",2,"a",2,"l",2,"shoot",2
0.5,"Confess_Recant",0.37401185770751,1,-2,1,3.5,5.5,-0.302579365079366,-0.114130434782608,0.0832364566379953,-2,"4",3,"20","2",2,"I - looks different but one written at heightened emotion",1,"h- looks the same, same shape",0,"s- looks the same in some cases",0,"one seems to be written with a different pen/heavier strength",1,"m- looks different one has the stem one doesn't",1,"r - looks more rushed in first one",1,"ll - parallel",2
0.5,"Confess_Recant",1.24901185770751,-1,-4,-3,-6.5,-6.5,-0.885912698412696,-0.364130434782608,0.495001162520345,-2,"1",3,"19","2",1,"The r's in the first note are very different from the second",1,"In the second, he writes in much more of a straight line than in the first ",1,"However, the I in the first note is nearly identical to the I on the third line of the second note",1,"the a's are different",1,"",NA,"",NA,"",NA
-0.5,"Maintain_Innocence",-1.00098814229249,-2,0,1,-2.5,-7.5,-0.302579365079366,-0.239130434782608,0.965589397814465,-2,"4",5,"20","2",2,"I (uppercase i) looks different",1,"e the e's look similar",0,"a a looks similar ",0,"g looks very different ",1,"l (lowercase L) ",2,"",NA,"",NA
-0.5,"Maintain_Innocence",-2.12598814229249,-1,-1,-2,-4.5,-4.5,-1.30257936507937,-1.11413043478261,0.200883515461525,-1,"1",5,"20","2",2,"I’m not a detective ",2,"A little different ",1,"",NA,"",NA,"",NA,"",NA,"",NA
0.5,"Confess_Recant",-2.00098814229249,0,0,2,5.5,3.5,0.0307539682539648,-0.239130434782608,-0.622645896303185,-1,"4",4,"20","2",1,"The letters h and n and a",2,"Seeing if the style of the letters matched up",2,"",NA,"",NA,"",NA,"",NA,"",NA
0.5,"Confess_Recant",-2.75098814229249,0,0,-2,-5.5,-5.5,-1.96924603174604,-0.989130434782608,-0.916763543362005,-3,"1",5,"21","2",2,"h",2,"e",2,"y",2,"t",2,"g",2,"m",2,"o",2
-0.5,"Maintain_Innocence",1.24901185770751,-1,0,1,-4.5,3.5,0.947420634920634,0.885869565217392,-0.387351778656125,0,"4",2,"18","2",1,"I",2,"the letter i seemed really similar",0,"overall i think he tried to write the form a bit different",1,"",NA,"",NA,"",NA,"",NA
0.5,"Confess_Recant",1.87401185770751,1,2,4,6.5,6.5,2.53075396825396,2.63586956521739,0.965589397814465,2,"1",3,"20","2",1,"the way the ""s"" is curved was the same in both samples",0,"the way ""a"" was written was similar, although it fluctuated",0,"the ""g"" in both do not fully connect back at the top right",2,"",NA,"",NA,"",NA,"",NA
-0.5,"Maintain_Innocence",1.12401185770751,-1,0,-3,-7.5,-5.5,0.780753968253965,0.635869565217392,-0.740292955126715,-1,"4",5,"21","1",2,"i",2,"I",2,"t",2,"",NA,"",NA,"",NA,"",NA
0.5,"Confess_Recant",-0.25098814229249,0,-1,2,5.5,5.5,-1.21924603174604,-1.23913043478261,0.847942338990935,-2,"2",3,"20","2",1,"the way the letters I,a, n,k and h are written",2,"while I a  are not as distinct but similar, the way the letter in is written shows a disconnect similar to the letter h. The letter k is also similar in that the second part of the letters are curved like I( not I< if that makes since",1,"",NA,"",NA,"",NA,"",NA,"",NA
-0.5,"Maintain_Innocence",-2.12598814229249,-1,0,1,-6.5,-5.5,0.614087301587304,-1.11413043478261,-0.504998837479655,-1,"2",3,"20","2",2,"",NA,"",NA,"",NA,"",NA,"",NA,"",NA,"",NA
0.5,"Confess_Recant",1.24901185770751,2,1,1,6.5,5.5,1.03075396825396,1.51086956521739,-0.857940013950245,1,"4",3,"19","2",2,"Letter a seems similar",0,"Also, he could have changed his handwriting while writing the confession in order to pretend that he didn't write the to bery note",2,"",NA,"",NA,"",NA,"",NA,"",NA
-0.5,"Maintain_Innocence",-1.37598814229249,-1,-3,1,-3.5,-5.5,-0.635912698412696,0.760869565217392,0.847942338990935,-3,"2",2,"20","2",1,"The h's, t's, and spacing between the words",2,"The letters are slightly different from each other ",1," I think he is not guilty  ",2,"although some letter present similar,It is two different hand writings. ",2,"there is spacing between the letters and words",2,"There are more letters different than simular",1,"The A's, M,s, and more are different",1
0.5,"Confess_Recant",-0.62598814229249,0,-1,-2,-3.5,2.5,-0.802579365079366,-0.614130434782608,-1.85794001395024,-1,"4",3,"20","2",2,"The handwritten bank note has a more curved loopy style of writing that looks much fancier than the informal scratchy form written by Mr. Hines  ",1,"g",2,"h",2,"",NA,"",NA,"",NA,"",NA
0.5,"Confess_Recant",2.37401185770751,-1,0,-2,-5.5,-3.5,1.6140873015873,2.13586956521739,-0.504998837479655,0,"4",2,"19","1",2,"G",2,"",NA,"",NA,"",NA,"",NA,"",NA,"",NA
-0.5,"Maintain_Innocence",0.87401185770751,-1,-1,1,-5.5,3.5,0.864087301587304,1.38586956521739,-0.446175308067895,2,"1,6",2,"18","2",1,"it looks slightly the same but not really",1,"a lot of people have this hANDWRITING",2,"",NA,"",NA,"",NA,"",NA,"",NA
0.5,"Confess_Recant",-0.25098814229249,2,0,-1,-6.5,-6.5,1.03075396825396,-0.114130434782608,-0.0932341315973053,-2,"6",2,"19","2",1,"The wording ",2,"The way the letters were written",2,"space in between",2,"the ""I""",2,"Scene ",2,"reasoning ",2,"style",2
-0.5,"Maintain_Innocence",-2.12598814229249,-2,-2,1,-6.5,-7.5,3.3640873015873,1.26086956521739,0.0832364566379953,2,"1",3,"19","1",1,"e's look similar ",0,"the h's are very different ",1,"the r's are very different ",1,"the l's lean two different ways in both. ",1,"",NA,"",NA,"",NA
0.5,"Confess_Recant",0.87401185770751,1,0,1,5.5,6.5,0.864087301587304,-0.114130434782608,0.0244129272262255,0,"4",5,"20","1",2,"Certain letters like exactly the same such as ""S"", ""A"" and it is understandable that they are slightly different due to the different situation he wrote two papers.",2,"",NA,"",NA,"",NA,"",NA,"",NA,"",NA
-0.5,"Maintain_Innocence",-0.12598814229249,-1,-1,0,-4.5,-4.5,-0.0525793650793656,-0.739130434782608,-1.44617530806789,0,"4",NA,"20","2",2,"The way robber writes “Y” is different from Mr. Hines’",1,"",NA,"",NA,"",NA,"",NA,"",NA,"",NA
-0.5,"Maintain_Innocence",-0.000988142292490224,-1,-4,-2,-5.5,-6.5,-2.1359126984127,-1.61413043478261,1.20088351546153,-3,"1,4",3,"18","2",2,"I compared the letters to each other and found various inconsistencies ",2,"the I's are not slanted in the second note yet in the first note they are slanted despite lines to write on ",2,"The h's have more of an arch in the second note",1,"the dash across the t is placed lower on the second note than the first one ",1,"The r is more pronounced in the second note ",1,"the lower case g's are fatter in the second note",2,"the lettering is more spaced out in the second note ",1
0.5,"Confess_Recant",0.24901185770751,-1,-5,-4,-6.5,-8.5,-1.1359126984127,-0.114130434782608,-1.97558707277377,-2,"6",2,"19","2",1,"The spacing between the letters and words is different between both writing samples.",1,"How Mr. Hines writes the letter ""e"" is not similar to the perpetrator's handwriting ",1,"Mr. Hines' and perpetrator's writing the letter ""g"" is not the same, the Perpetrator's g has a gap while Mr. Hines closes his g.",1,"Mr.Hines connects the vowels to his ""n"", the perpetrator leaves gaps between each letter. ",2,"Sentence structure, the perpetrator makes short sentences while Mr.Hines makes a long sentence.",2,"The way that the letter ""y"" is written is very different between perpetrator and Mr. Hines.",1,"The way that the letter ""m"" is written is also different, the perpetrator put it in capital M and Mr.Hines didn't do that. ",1
-0.5,"Maintain_Innocence",-1.75098814229249,-2,-1,1,-6.5,-6.5,-1.30257936507937,-0.364130434782608,2.083236456638,-2,"4",5,"21","1",1," I compared the I's used as well as the spacing. I checked and though similar, it seemed even similar to my handwriting and thus showed enough differences.",2,"The r difference",1,"Spacing between words",2,"Spacing between the L's",2,"L leans left not right",2,"Connection between letters for words",2,"Dotted I",2
0.5,"Confess_Recant",0.12401185770751,0,-3,-2,-4.5,-4.5,-0.885912698412696,-0.114130434782608,0.259707044873285,-2,"1",2,"20","1",2,"Lowercase ts are very dissimilar",2,"Kerning is different ",1,"Lowercase rs are moderately different",1,"Lowercase as are moderately different",1,"",NA,"",NA,"",NA
-0.5,"Maintain_Innocence",1.12401185770751,0,0,1,2.5,2.5,0.947420634920634,0.385869565217392,-0.857940013950245,-2,"4",5,"19","2",1,"the letter ""a""",2,"the way of writing ""y""",2,"",NA,"",NA,"",NA,"",NA,"",NA
0.5,"Confess_Recant",-0.75098814229249,2,1,-3,-5.5,6.5,-0.135912698412696,0.0108695652173916,-0.152057661009064,0,"4",2,"20","2",2,"e and u",2,"The way he connects the letter e and u are very similar",0,"",NA,"",NA,"",NA,"",NA,"",NA
-0.5,"Maintain_Innocence",1.24901185770751,-1,2,2,2.5,-2.5,0.364087301587304,-0.364130434782608,0.259707044873285,-1,"1",2,"22","1",2,"I, similar",0,"s, similar",0,"",NA,"",NA,"",NA,"",NA,"",NA
0.5,"Confess_Recant",-1.75098814229249,1,4,2,6.5,6.5,-0.635912698412696,-1.23913043478261,-0.210881190420835,-2,"1",3,"20","2",1,"similar ""a""s",0,"similar ""i""s",0,"period spacing",2,"same ""y""ss",0,"spacing between words",2,"messy ""s""",2,"same ""e""s",0
-0.5,"Maintain_Innocence",-2.50098814229249,0,-1,1,-6.5,-6.5,-1.96924603174604,-0.864130434782608,0.436177633108575,-3,"1,4",3,"20","5",2,"The lowercase ""a"" in Mr. Hines' handwriting is much wider and flatter",1,"The lowercase ""e"" in Mr. Hines' handwriting has a tail on the left side",2,"The lowercase ""y"" in the robber's note seems to have been made with two strokes, whereas Mr. Hines' seems to have been made with one",2,"",NA,"",NA,"",NA,"",NA
0.5,"Confess_Recant",-2.37598814229249,0,-2,-1,-6.5,-4.5,-1.71924603174604,0.0108695652173916,-0.799116484538475,-1,"4",5,"21","1,2",1,"The way that the L's are written are different. In exhibit A, the l's lean toward the right and in exhibit B, they lean towards the left. ",1,"There is much more spacing in exhibit A.",1,"",NA,"",NA,"",NA,"",NA,"",NA
-0.5,"Maintain_Innocence",-0.37598814229249,-1,-1,2,-4.5,-4.5,0.364087301587304,0.0108695652173916,-0.446175308067895,-2,"4",2,"20","1",2,"At first glance they look the same but one note is not enough evidence to make a decision which is why I am still unsure. ",1,"e",2,"i",2,"",NA,"",NA,"",NA,"",NA
-0.5,"Maintain_Innocence",0.12401185770751,-1,-3,-3,-7.5,-8.5,0.697420634920634,0.635869565217392,-1.44617530806789,-1,"2",2,"20","1",1,"The guys hand writing was way nicer than the bank robber.",1,"One was nicer than the other",1,"easy to read",2,"was not on line",2,"the G's",2,"the S's",2,"The l is more sideways",1
0.5,"Confess_Recant",0.87401185770751,0,0,1,-6.5,-5.5,-1.1359126984127,-0.739130434782608,-0.269704719832595,-1,"6",3,"21","2",2,"t",2,"e",2,"u",2,"r",2,"",NA,"",NA,"",NA
-0.5,"Maintain_Innocence",0.24901185770751,0,4,2,5.5,4.5,1.1140873015873,0.885869565217392,-0.328528249244365,-1,"2",2,"19","2",1,"The A's look the same",0,"The I",2,"The way the words are structured ",2,"The Y's look the same ",0,"The T's look the same",0,"All of the writing looks similar",0,"It was him",2
0.5,"Confess_Recant",2.62401185770751,1,0,1,5.5,5.5,1.28075396825396,1.38586956521739,-0.622645896303185,-1,"4",3,"21","2",2,"I think it was wrote by Hines",2,"I",2,"a",2,"g",2,"s",2,"t",2,"L",2
0.5,"Confess_Recant",-0.37598814229249,0,0,1,-0.5,-4.5,2.6140873015873,0.510869565217392,-0.328528249244365,0,"6",2,"21","1",2,"The U and N are written the same however the size differential of the letters could also be the key takeaway that maybe it's not the same. I am no expert in handwriting detection so I would need to be convinced by a witness who testified that it is. ",2,"I am no expert in handwriting detection so I would need to be convinced by a witness who testified that it is. ",2,"",NA,"",NA,"",NA,"",NA,"",NA
-0.5,"Maintain_Innocence",-1.37598814229249,-2,-2,2,-2.5,-2.5,0.364087301587304,-0.114130434782608,1.20088351546153,-2,"4",3,"19","2",1,"The ""l""'s are slanted to the right in the first note and left in the second. ",2,"The spacing between the words in the first note is much larger than in the second. ",1,"The ""o""'s are slanted to the right in the first note but slightly to the left in the second. ",2,"The ""h""'s in the first note are more fluid and squiggly than in the second. ",1,"",NA,"",NA,"",NA
-0.5,"Maintain_Innocence",-2.12598814229249,-1,-6,1,-6.5,-6.5,-0.885912698412696,-1.61413043478261,-0.0932341315973053,-2,"1",3,"20","2",1,"The angle of the written words. A is slanted while B is written more straight.",1,"The ""r""s are vastly different to be by the same person.",2,"A doesn't have many connected letters while B does, showing different writing styles.",1,"Specifically ""keep"" in A and ""agree"" in B are vastly different because A doesn't connect the letters while B does.",1,"A is more loopy in its letters than B, B is more straight lined.",1,"In words like ""shoot"", A is more curved up with its letters than B, which usually point down in words like ""silent"".",1,"The spacing between words is different. A is more spaced out compared to B, indicating A was more carefully written than B was.",1
-0.5,"Maintain_Innocence",0.74901185770751,0,-1,-1,-5.5,-4.5,0.947420634920634,1.51086956521739,-0.328528249244365,1,"4",3,"19","1",1,"the way he wrote his r and g",2,"his way of writing r is different, with one written the same way like a v and the other written with on stroke going up.",2,"g is the difference in closing the loop in the letter, you can tell the first doesn't like doing that since he did it with his q as well. ",1,"",NA,"",NA,"",NA,"",NA
-0.5,"Maintain_Innocence",0.12401185770751,-1,-4,-4,-7.5,-6.5,1.03075396825396,0.385869565217392,-0.269704719832595,-1,"2",3,"21","2",2,"G. The one in the bank letter has a harsh slope while in the police letter, both gs are more round.",1,"A. The a at the bottom is different.",1,"U. The way the ""u"" connects to the ""n"" in the robbery letter is completely different than the ""u"" in the second letter.",1,"S",2,"M in the top letter has a line coming through the top while the one at the bottom is simply rounded",2,"L (the ones at the top are straighter than the one at bottom).",1,"",NA
0.5,"Confess_Recant",-2.25098814229249,-1,0,-3,-6.5,-8.5,-2.8859126984127,-1.61413043478261,0.730295280167406,-3,"4",3,"19","2",1,"the closeness of the letters in each word and the way the letters interact with each other and the shape of the letters are pretty different even when there are similarities",2,"gun and agree",2,"I",2,"your",2,"lawyer",2,"talk",2,"my and me",2
0.5,"Confess_Recant",1.62401185770751,1,0,-3,-6.5,-5.5,3.69742063492063,2.51086956521739,0.906765868402696,1,"4",2,"18","1",2,"the T",2,"the t is very dissimilar, so is the general font",2,"",NA,"",NA,"",NA,"",NA,"",NA
-0.5,"Maintain_Innocence",-0.75098814229249,-1,0,3,6.5,6.5,-0.885912698412696,-1.36413043478261,1.61264822134387,-2,"6",3,"","2",1,"the a's look very similar",0,"the e's look similar as well, except in the bank note theyre messier",1,"",NA,"",NA,"",NA,"",NA,"",NA
-0.5,"Maintain_Innocence",-0.000988142292490224,0,-1,1,-6.5,-5.5,-1.21924603174604,-1.11413043478261,1.37735410369682,-2,"1",3,"20","2",1,"the a's, m's, and l's",2,"the a's are shaped differently and the end is curved and not curved, the l's slant to different sides, and the m's are straight in one note and curved in the other",1,"",NA,"",NA,"",NA,"",NA,"",NA
0.5,"Confess_Recant",-0.75098814229249,0,2,0,-2.5,-2.5,-1.8859126984127,-0.739130434782608,0.318530574285055,-2,"4",3,"19","2",2,"t - in the bank note, it is crossed near the top (shoot). In the second note, it is in the middle mostly, and in ""time"" even near the bottom",2,"a - written the same way, started at top, tail juts out",0,"h - same as a, disconnexted. Like a squiggle for example.",0,"I - the crossings on Ex A slant up to the right parallel, and in B as well. BUT in A, the second I has their crossings converging",2,"n - squiggled both times. Just like a and h",2,"r - pointy and v-like in almost all instances, but not in agree",2,"o - connection to other parts show it is written from the top",2
0.5,"Confess_Recant",-1.37598814229249,0,0,4,6.5,5.5,2.44742063492063,0.385869565217392,0.789118809579165,2,"6",3,"20","1",2,"n",2,"a",2,"e",2,"i",2,"",NA,"",NA,"",NA
-0.5,"Maintain_Innocence",1.62401185770751,1,3,2,5.5,5.5,1.19742063492063,0.635869565217392,0.142059986049755,-1,"4",2,"19","2",1,"the letter e",2,"the letter t",2,"the letter n",2,"e looks similar",0,"t looks similar",0,"n looks similar",0,"he may consciouslly change the way he write when conducting the crime",2
0.5,"Confess_Recant",-1.50098814229249,1,5,1,5.5,5.5,0.0307539682539648,-0.864130434782608,-0.387351778656125,-1,"6",3,"20","2",1,"the letter N in both look identical",0,"the letter H looks similar",0,"the letter I looks similar",0,"the spacing between the letters is kind of similar",0,"the letter A also looks similar",0,"",NA,"",NA
-0.5,"Maintain_Innocence",0.24901185770751,-1,-1,-2,-7.5,-8.5,0.614087301587304,0.885869565217392,-0.504998837479655,1,"4",3,"21","2",2,"a",2,"""a"" looks very different",1,"",NA,"",NA,"",NA,"",NA,"",NA
-0.5,"Maintain_Innocence",1.74901185770751,0,-1,-1,-4.5,-4.5,0.780753968253965,1.01086956521739,-0.210881190420835,0,"4",3,"22","1",1,"don't look that similar",1,"",NA,"",NA,"",NA,"",NA,"",NA,"",NA
0.5,"Confess_Recant",0.87401185770751,0,0,1,2.5,2.5,0.864087301587304,0.385869565217392,-0.328528249244365,0,"4",2,"18","1",2,"the messiness of the handwriting ",2,"Proportions of the letters",2,"1",2,"1",2,"12",2,"2",2,"3",2
-0.5,"Maintain_Innocence",1.74901185770751,0,1,1,-3.5,-3.5,0.864087301587304,-0.364130434782608,-1.32852824924437,1,"4",2,"19","1",2,"both way of writing letter ""e"" are similar ",0,"",NA,"",NA,"",NA,"",NA,"",NA,"",NA
0.5,"Confess_Recant",1.99901185770751,0,1,2,4.5,-3.5,0.697420634920634,0.635869565217392,-0.622645896303185,0,"4",5,"23","1",1,"I think the word ""n"" is similar.",0,"Words are round, which are similar.",0,"The style of the word is very similar.",0,"It is acceptable that the word can be a little bit different since they were written in different environments.",1,"When ask for the cash, the person is in a hurry",2,"When in the police department, the person have a lot of time",2,"Therefore, the person can take a lot of time to write, which make the two notes a little bit different.",1
-0.5,"Maintain_Innocence",1.99901185770751,0,0,0,4.5,4.5,1.94742063492063,1.13586956521739,-0.681469425714945,0,"4",2,"20","1",1,"contents",2," ",2," ",2," ",2," ",2," ",2," ",2
-0.5,"Maintain_Innocence",1.24901185770751,-1,0,-1,-5.5,-5.5,0.114087301587304,-0.489130434782608,1.31853057428506,0,"4",3,"19","2",2,"g",2,"I",2,"t",2,"a",2,"h",2,"e",2,"n",2
0.5,"Confess_Recant",1.12401185770751,0,0,0,-4.5,4.5,0.864087301587304,1.26086956521739,-0.681469425714945,0,"4",5,"20","1",1,"remain silent ",2,"call a lawyer",2,"agree",2,"quiet",2,"shoot",2,"give me",2,"I understand my rights",2
-0.5,"Maintain_Innocence",0.87401185770751,0,0,1,-5.5,-5.5,0.697420634920634,-0.489130434782608,0.259707044873285,-2,"1",2,"20","2",1,"The t's",2,"the h's ",2,"the s's",2,"the spacing ",2,"the inclination of the letters ",2,"the I's ",2,"the a's ",2
0.5,"Confess_Recant",-1.00098814229249,0,2,2,6.5,6.5,-0.802579365079366,-0.239130434782608,0.847942338990935,0,"1",2,"21","1",2,"The I is very similar ",0,"the style of handwriting is similar ",0,"",NA,"",NA,"",NA,"",NA,"",NA
0.5,"Confess_Recant",0.62401185770751,0,-1,-3,-5.5,-1.5,1.03075396825396,1.38586956521739,0.200883515461525,0,"4",3,"18","2",1,"dot of i's",2,"rounded peak of m's",2,"connected e's",2,"shape of a's",2,"messiness vs cleaness",2,"spaced out differently",1,"",NA
0.5,"Confess_Recant",1.74901185770751,0,0,3,3.5,3.5,-0.802579365079366,1.88586956521739,0.436177633108575,0,"1",3,"21","2",2,"I",2,"h",2,"g",2,"u",2,"n",2,"a",2,"s",2
-0.5,"Maintain_Innocence",-1.00098814229249,-1,-1,2,2.5,-3.5,-0.969246031746035,-1.61413043478261,-0.387351778656125,-2,"1",3,"20","1",1,"The I's are similar I think especially the second I in the writing sample to the first I in the bank note.",1,"The ""a""'s are also very similar ",0,"The ""t"" are all crossed in about the middle not really much difference in them",1,"",NA,"",NA,"",NA,"",NA
-0.5,"Maintain_Innocence",1.62401185770751,0,0,-2,-4.5,-4.5,1.03075396825396,0.760869565217392,-0.799116484538475,0,"4",2,"20","1",1,"g",2,"u",2,"a",2,"i",2,"m",2,"r",2,"n",2
0.5,"Confess_Recant",-0.37598814229249,1,0,2,5.5,5.5,-0.552579365079366,-1.23913043478261,-0.210881190420835,NA,"6",3,"19","2",2,"a",2,"m",2,"",NA,"",NA,"",NA,"",NA,"",NA
0.5,"Confess_Recant",0.37401185770751,0,-3,-1,-3.5,-3.5,0.614087301587304,1.01086956521739,-1.21088119042084,0,"4",3,"21","2",1,"The “s” in the two writing sample are different ",1,"“M”also looks different",1,"“Y” also different",1,"",NA,"",NA,"",NA,"",NA
-0.5,"Maintain_Innocence",-2.37598814229249,-1,3,1,-7.5,-5.5,1.94742063492063,-0.114130434782608,0.142059986049755,1,"2",3,"18","2",2,"A; the a's look so similar I almost thought he was guilty. ",0,"I: the i's look similar but the way they're written look and feel like it was written by two different people",2,"H: the h's look very similar like a's ",0,"R: the r's aren't written with the same lengths ",0,"",NA,"",NA,"",NA
0.5,"Confess_Recant",-2.12598814229249,0,-1,-3,-7.5,-5.5,-0.135912698412696,-0.864130434782608,-0.740292955126715,-2,"4",3,"21","2",1,"THE SLANT OF THE WRITING IS OFF FOR HIS I's, they tilt opposite ways",2,"the e's are also written differently in each sample",1,"",NA,"",NA,"",NA,"",NA,"",NA
-0.5,"Maintain_Innocence",2.24901185770751,0,-2,-3,-6.5,-6.5,0.780753968253965,-0.864130434782608,-0.152057661009064,0,"4",2,"20","2",1,"the way of writing ""I""",2,"the way of writing ""m""",2,"the way of writing ""h""",2,"the below was written more neatly",1,"the space between words on the above is bigger",1,"the way of writing ""g""",2,"the way of writing ""r""",2
0.5,"Confess_Recant",-1.25098814229249,-1,2,2,7.5,6.5,1.44742063492063,0.635869565217392,0.436177633108575,0,"4",2,"20","2",2,"Letter I. The long length of the upper and lower line on letter I.",2,"It is interesting how Letter I is emphasised in his writing.",2,"Letter e & a is similarly scripted as well. although the second page writing are small, the style, characters are similar in how its written. He elongates ""e"" with a little line in the beginning of making the circle in e interestingly.",0,"His ""s"" in ""shoot"" and ""silent"" is so similar in the way when people write it at the start of left side of a paper. His ""s"" in this case, slightly curves up at the tail of ""s."" ",0,"There are more slightly similar ones too when you closely look at it.",2,"Hence why it makes me believe he would be guilty.",2,"...",2
0.5,"Confess_Recant",0.12401185770751,0,-1,-2,-5.5,-6.5,-1.55257936507937,-0.739130434782608,0.730295280167406,-2,"1,6",2,"18","2",1,"h’s- no tail",2,"a’s- different height",1,"spacing - words much closer together",2,"",NA,"",NA,"",NA,"",NA
-0.5,"Maintain_Innocence",0.24901185770751,0,-1,1,-5.5,-4.5,1.03075396825396,-0.114130434782608,-0.328528249244365,0,"6",3,"19","1",2,"The way each letter is written and the difference between each.",1,"I",2,"u",2,"n",2,"",NA,"",NA,"",NA
-0.5,"Maintain_Innocence",1.74901185770751,-1,0,-2,-7.5,-7.5,-1.55257936507937,0.885869565217392,-0.504998837479655,-2,"6",3,"20","1",2,"I",2,"e",2,"h",2,"",NA,"",NA,"",NA,"",NA
0.5,"Confess_Recant",-0.000988142292490224,1,-1,2,5.5,5.5,0.364087301587304,0.0108695652173916,-1.56382236689142,-1,"2",3,"18","1",2,"The letter ""h""",2,"How he draws the letter h in both notes seems similar to me. ",1,"",NA,"",NA,"",NA,"",NA,"",NA
-0.5,"Maintain_Innocence",-1.75098814229249,0,-1,-2,-6.5,-5.5,-0.635912698412696,-1.73913043478261,0.730295280167406,-3,"2",5,"21","2",1,"The way he wrote his h's.",2,"I made my decision on how consistent the h's were in the original letter and how they were different than the way they were written in Mr. Hines letter.",1,"",NA,"",NA,"",NA,"",NA,"",NA
0.5,"Confess_Recant",1.62401185770751,-2,-2,-3,-5.5,3.5,1.03075396825396,-0.114130434782608,-1.44617530806789,0,"4",5,"23","1",1,"There is a difference in the handwriting of the two",1,"I noticed that the way he wirte 'h' is quiet different",1,"",NA,"",NA,"",NA,"",NA,"",NA
-0.5,"Maintain_Innocence",-0.50098814229249,0,0,-2,-5.5,-4.5,-2.8859126984127,-0.989130434782608,1.49500116252034,-3,"2",3,"20","1",1,"agree and rights versus gun and quiet is why i dont believe he wrote that",2,"",NA,"",NA,"",NA,"",NA,"",NA,"",NA
0.5,"Confess_Recant",1.49901185770751,1,1,2,-4.5,-4.5,1.44742063492063,0.885869565217392,-0.446175308067895,1,"4",2,"21","1",2,"The capital i's are very similar",0,"",NA,"",NA,"",NA,"",NA,"",NA,"",NA
-0.5,"Maintain_Innocence",1.62401185770751,-1,0,3,6.5,5.5,0.447420634920634,1.38586956521739,-1.74029295512671,0,"4",2,"19","2",2,"I",2,"l",2,"a",2,"t",2,"s",2,"e",2,"g",2
0.5,"Confess_Recant",-1.62598814229249,-1,-3,1,-6.5,-6.5,-0.552579365079366,-0.989130434782608,0.259707044873285,-2,"2",3,"19","2",2,"the way that the r's are written are not the same ",1,"the way that the a's are written are not the same",1,"the way that the e's are written are not the same",1,"",NA,"",NA,"",NA,"",NA
-0.5,"Maintain_Innocence",-0.000988142292490224,-2,0,-3,-6.5,-6.5,1.28075396825396,-0.239130434782608,0.789118809579165,1,"1",3,"20","1",1,"The space between the letters ""U"" and ""N"" in ""gun"" on the robbery note and no space between the ""U"" and ""N"" in ""understand"" in Mr.Hines note",2,"The way the ""M""'s are written",2,"",NA,"",NA,"",NA,"",NA,"",NA
-0.5,"Maintain_Innocence",0.12401185770751,-1,-1,2,1.5,-2.5,-0.385912698412696,1.51086956521739,0.671471750755635,-2,"4",2,"19","2",2,"the letter a in both samples look very similar",0,"the first sample can look like a rushed version of the second",2,"the letter e is connected to the previous letter in both samples",2,"the letter t is very different in both samples",1,"the first sample is less straight",1,"the capital letters in the first sample are much bigger",1,"the letter s in both samples look very similar",0
-0.5,"Maintain_Innocence",-1.12598814229249,-1,-2,-3,-5.5,-6.5,-1.05257936507937,-1.23913043478261,0.259707044873285,-2,"2",3,"19","2",2,"The letter a is more curved in the second handwritten form.",1,"The I's are also more slanted on the first handwritten note.",1,"",NA,"",NA,"",NA,"",NA,"",NA
-0.5,"Maintain_Innocence",0.62401185770751,-1,-1,-1,-5.5,-5.5,0.947420634920634,-0.989130434782608,0.553824691932105,-1,"1",3,"19","1",2,"the letters weren't all written the same, the letter g looks really different",2,"The writing also looks much larger in the exhibit a",1,"",NA,"",NA,"",NA,"",NA,"",NA
0.5,"Confess_Recant",-0.75098814229249,1,0,-2,1.5,4.5,-2.3859126984127,-1.48913043478261,1.20088351546153,-3,"6",3,"19","5",1,"I do have some knowledge on forensic writing analysis, so I know that depending on the situation/one's feelings at the time, their handwriting can change. The lack of lines in the second writing sample also adds to the difficulty of analysis. However, I do believe that Mr. Hines wrote both notes, since both writings look somewhat similar, and the top one is characteristic of a high-energy moment, while the second might be a calmer time. It's still pretty hard to tell regardless, which is why I am unconfident.",2,"",NA,"",NA,"",NA,"",NA,"",NA,"",NA
0.5,"Confess_Recant",1.24901185770751,0,2,0,-2.5,2.5,1.3640873015873,1.51086956521739,-0.0344106021855346,2,"1",5,"22","1",1,"The I looks similar",0,"The s looks similar",0,"",NA,"",NA,"",NA,"",NA,"",NA
-0.5,"Maintain_Innocence",-0.000988142292490224,0,-1,-2,-6.5,-3.5,0.530753968253965,1.38586956521739,-0.0344106021855346,0,"4",2,"20","1",1,"isolating certain letters such as ""I"" ""a"" ""e""",2,"These letters and more simply don't match the way they were ",1,"written in the bank note ",2,"",NA,"",NA,"",NA,"",NA
0.5,"Confess_Recant",0.87401185770751,0,-1,-2,-2.5,-5.5,-0.552579365079366,-0.489130434782608,-1.09323413159731,0,"4",2,"20","1",2,"the letter I E A and T used ",2,"Since the letter I E A and t are used frequently in English speaking and writing I was specifically checking on these letters and found that the hand writings of these letters are not really similar in both writings",1,"",NA,"",NA,"",NA,"",NA,"",NA
-0.5,"Maintain_Innocence",-1.75098814229249,-2,0,-1,-6.5,-6.5,-0.719246031746035,1.63586956521739,0.142059986049755,-1,"1",3,"21","1",2,"How the letters were written",2,"The way that the letters ""r"" ""I"" and ""t"" are written are inconsistent between the two notes.",2,"",NA,"",NA,"",NA,"",NA,"",NA
0.5,"Confess_Recant",1.37401185770751,-1,1,3,6.5,6.5,1.53075396825396,0.885869565217392,-0.563822366891425,0,"4",5,"23","2",1,"the letters y, i, a, g",2,"these letters look very similar ",0,"",NA,"",NA,"",NA,"",NA,"",NA
0.5,"Confess_Recant",1.24901185770751,1,0,3,5.5,6.5,0.197420634920634,0.510869565217392,-0.857940013950245,0,"4",2,"19","2",1,"just the style of the writing",2,"",NA,"",NA,"",NA,"",NA,"",NA,"",NA
-0.5,"Maintain_Innocence",-1.37598814229249,-1,0,-1,-5.5,-6.5,-0.802579365079366,-0.989130434782608,0.259707044873285,-1,"1",3,"18","2",2,"t",2,"a",2,"l",2,"s",2,"",NA,"",NA,"",NA
0.5,"Confess_Recant",0.62401185770751,0,-4,-3,-4.5,-6.5,1.19742063492063,1.38586956521739,1.61264822134387,0,"1",3,"24","1",1,"how the ""I"" is dotted ",2,"the space between the letters",2,"the general shape of the letters",2,"the differences in the letter ""a"" ",1,"differences in the letter ""c""",1,"differences in the letter ""g""",1,"differences in the letter ""o""",1
-0.5,"Maintain_Innocence",-1.25098814229249,0,0,1,-2.5,-5.5,-1.3859126984127,-0.989130434782608,0.200883515461525,-1,"1",3,"21","3",2,"The space between the letters is what mainly what influenced my decision and also the lack of capitol letters in the writing sample.  The first note switches to add one capital T midstence. ",2,"I",2,"l",2,"",NA,"",NA,"",NA,"",NA
0.5,"Confess_Recant",1.74901185770751,1,1,-3,-7.5,-1.5,0.780753968253965,-0.489130434782608,0.612648221343875,0,"6",3,"19","1",1,"The o's are dissimilar in both samples.",2,"The a's are dissimilar in both samples.",2,"The l's go in dissimilar directions in both samples.",2,"The h's are vastly dissimilar in both samples.",2,"The n's are extremely similar in both samples.",0,"The ""un"" in ""gun"" in the first sample has its letters separated; the ""un"" in ""understand"" in sample 2 is continuous.",2,"The e's are dissimilar in both samples.",2
-0.5,"Maintain_Innocence",0.37401185770751,-1,0,-3,-5.5,-6.5,0.280753968253965,1.01086956521739,-0.681469425714945,0,"1",3,"21","2",2,"r",2,"u",2,"a",2,"n",2,"i",2,"t",2,"l",2
-0.5,"Maintain_Innocence",-1.37598814229249,-1,0,-1,-5.5,-5.5,-1.8859126984127,-1.23913043478261,-1.38735177865613,-2,"2,6",2,"19","2",2,"I",2,"T",2,"A",2,"O",2,"S",2,"U",2,"N",2
0.5,"Confess_Recant",0.49901185770751,2,1,2,6.5,6.5,1.53075396825396,0.135869565217392,0.495001162520345,0,"4",2,"18","1",1,"the s and h are very similar. ",0,"",NA,"",NA,"",NA,"",NA,"",NA,"",NA
0.5,"Confess_Recant",-1.87598814229249,0,1,-2,-5.5,3.5,-0.969246031746035,-0.489130434782608,0.200883515461525,-1,"4",3,"18","1",1,"I focused on the way the G nad Y's are written since those are pretty similar",0,"Spacing between letters, writing style",2,"Legibility writing style",2,"",NA,"",NA,"",NA,"",NA
0.5,"Confess_Recant",-1.62598814229249,0,0,2,5.5,-3.5,-1.05257936507937,-1.11413043478261,1.78911880957916,-2,"1",2,"18","2",2,"Some of the letters are connected with each other",2,"a",2,"e",2,"s",2,"r",2,"n",2,"m",2
-0.5,"Maintain_Innocence",1.62401185770751,0,0,0,-4.5,-4.5,0.947420634920634,0.635869565217392,-0.622645896303185,0,"4",5,"22","1",1,"Handwriting",2,"Grammar structure",2,"Vocabulary",2,"",NA,"",NA,"",NA,"",NA
0.5,"Confess_Recant",-1.62598814229249,-1,-6,-4,-7.5,-5.5,-1.05257936507937,-1.23913043478261,-0.0932341315973053,0,"4",3,"20","2",1,"the details of the writing",2,"the difference in the letter h",1,"the difference in the letter g",1,"the difference in the letter m",1,"the difference in the letter u",1,"the difference in the letter y",1,"the difference in the letter i",1
-0.5,"Maintain_Innocence",0.99901185770751,-1,0,1,-4.5,-4.5,1.1140873015873,0.260869565217392,-0.0932341315973053,1,"4",2,"19","1",2,"I",2,"L",2,"s",2,"these characters seem to be similar in both of the letters",0,"y",2,"a",2,"these two characters are slightly different in the two letters.",1
-0.5,"Maintain_Innocence",0.24901185770751,-1,0,-1,-5.5,-3.5,-0.302579365079366,0.0108695652173916,0.0832364566379953,-2,"4",2,"20","2",1,"r is very different",1,"l is A is slanted one way but the 'l's in B are slanted the opposite way",2,"i is dotted with a dot in A and a dash in B",2,"'I', 't', 'y' are very similar though",0,"",NA,"",NA,"",NA
0.5,"Confess_Recant",1.62401185770751,0,0,-1,-5.5,-4.5,-0.135912698412696,-0.489130434782608,0.965589397814465,-1,"1",2,"21","1",2,"The way that the two people wrote the letter n",2,"",NA,"",NA,"",NA,"",NA,"",NA,"",NA
0.5,"Confess_Recant",-2.75098814229249,0,-4,-1,-6.5,-5.5,-2.46924603174604,-1.73913043478261,1.20088351546153,-3,"2",2,"21","1",1,"The way that the certain letters are written",2,"The A's are not the same on both papers",1,"The E's have some resemblance but that is a standard way of writing them",2,"Even if he was in a circumstance which would change his hand writing in these ways, it would not be this significantly different",1,"The I's are not really matching to a sufficient degree",2,"The M's are different, with it being curvier in the bank teller note, which would not match the energy of a scared man about to do a robbery. It makes less sense for him to write neater and softer in this time than in the station",1,"The Rs are not similar enough",1
-0.5,"Maintain_Innocence",-1.37598814229249,-2,0,-3,-8.5,-7.5,-1.3859126984127,-0.989130434782608,1.31853057428506,-2,"1,6",2,"22","2",2,"i",2,"t",2,"a",2,"g",2,"o",2,"u",2,"r",2
-0.5,"Maintain_Innocence",-2.00098814229249,-1,-4,-2,-6.5,-3.5,-1.71924603174604,-0.489130434782608,2.14205998604976,-2,"6",2,"19","1",2,"The shape of the h, in the robbery note it is more slanted ",1,"The shape of the I, the robbery note is more crooked",1,"the spacing of the letters are different, more sparse in police note",1,"the y in my versus the y in you. They are written differently",1,"",NA,"",NA,"",NA
0.5,"Confess_Recant",1.99901185770751,1,-1,-2,-6.5,-4.5,-1.80257936507937,-0.239130434782608,1.20088351546153,0,"1",3,"19","1",1,"the spaces in the middle  and the curved letters",2,"the spaces in the midlle just don't line up",2,"the curved letters look different",1,"it just doesn't match ",2,"also the dots after every sentence whereas the other one is run on",2,"",NA,"",NA
-0.5,"Maintain_Innocence",0.62401185770751,-1,0,1,-7.5,-6.5,-1.6359126984127,-0.239130434782608,1.73029528016741,-3,"4",2,"19","1",2,"r and t",2,"the r in the first note look like v",2,"the r in the second note look like r",2,"the t in the first note is crossed very high",2,"the t in the second note is crossed low",2,"",NA,"",NA
0.5,"Confess_Recant",-0.12598814229249,0,-1,1,3.5,-2.5,-0.219246031746035,-0.364130434782608,0.318530574285055,-1,"4",5,"19","1",1,"Just overall ",2,"Seems like he was trying to hard to write differently but the two still somewhat resemble each other, for example the slanted T. This is probably his writing style when writing casually (slanted words), but tried to disguise and write properly in a formal way.",1,"",NA,"",NA,"",NA,"",NA,"",NA
-0.5,"Maintain_Innocence",-0.12598814229249,-1,-2,2,-5.5,-6.5,0.197420634920634,0.385869565217392,-0.857940013950245,-1,"6",3,"20","2",1,"Spacing of the perp was larger than Mr.Hines.",1,"Perps 'a' was rounder then Mr.Hines.",1,"Perps handwriting is more slanted to the right, Mr. Hines leaned slightly left.",1,"Mr. Hines sample was overall neater.",2,"Honestly, they do look quiet similar",0,"Still, there are enough little differences that allows me to believe they were not written by the same man",2,"Also, it would be a lie to say the other evidence didn't pursue my decision. I believe with the political climate between police officers and the African American community, Mr. Hines being nervous was not out of question. Plus, no evidence was found on hand, and he cooperated with the investigation.",2
0.5,"Confess_Recant",-1.12598814229249,1,0,-3,-6.5,2.5,-1.30257936507937,-1.73913043478261,0.142059986049755,-2,"2",2,"18","2",2,"g",2,"a",2,"r",2,"",NA,"",NA,"",NA,"",NA
0.5,"Confess_Recant",-0.37598814229249,1,2,1,-2.5,-2.5,-0.135912698412696,1.26086956521739,1.43617763310858,-1,"4",5,"24","1",1,"similarity: upper right corner of capital I",0,"similarity: letter t",0,"dissimilarity: letter m, one is round and the other acute",2,"bottom have the tendency to alter the inclination of skewness, which looks like an intensional disguise",2,"",NA,"",NA,"",NA
-0.5,"Maintain_Innocence",0.87401185770751,0,0,-1,-3.5,-3.5,0.0307539682539648,-0.114130434782608,-0.328528249244365,-1,"4",2,"20","2",2," letter I",2,"letter E",2,"letter u",2,"letter n",2,"",NA,"",NA,"",NA
0.5,"Confess_Recant",1.24901185770751,0,0,1,-2.5,-2.5,2.3640873015873,1.51086956521739,-0.504998837479655,2,"6",3,"21","2",2,"U",2,"N",2,"Y",2,"A",2,"",NA,"",NA,"",NA
-0.5,"Maintain_Innocence",-1.37598814229249,-1,-2,-1,-5.5,-6.5,-2.3859126984127,-1.11413043478261,0.436177633108575,-3,"1",3,"","2",1,"The spacing between words was different ",1,"The t crosses were lower on exhibit B than A",1,"",NA,"",NA,"",NA,"",NA,"",NA
-0.5,"Maintain_Innocence",-0.12598814229249,-1,-1,-3,-6.5,-5.5,-1.05257936507937,0.135869565217392,-0.0932341315973053,-2,"1",3,"21","1",1,"The u seems different. The one on the bottom seems more concise ",1,"",NA,"",NA,"",NA,"",NA,"",NA,"",NA
0.5,"Confess_Recant",1.24901185770751,1,-2,0,-6.5,-6.5,0.447420634920634,1.51086956521739,1.67147175075563,-1,"1",3,"22","1",2,"the T is written different, with the horizontal line being much lower in the second picture",1,"The R is written different, alot less pronounced curve in the first one",1,"The I is dotted on the second one, and does not have a dot on the first one",2,"",NA,"",NA,"",NA,"",NA
0.5,"Confess_Recant",-0.12598814229249,0,0,3,7.5,6.5,0.280753968253965,-0.614130434782608,-0.563822366891425,-1,"1,6",3,"19","2",1,"Capital i ",2,"Letter y",2,"letter g",2,"letter e",2,"letter s' inclination",2,"",NA,"",NA
-0.5,"Maintain_Innocence",0.62401185770751,-1,0,-2,-1.5,-1.5,-0.135912698412696,1.13586956521739,0.0832364566379953,-1,"4",2,"21","1",2,"I",2,"i ",2,"G",2,"g",2,"",NA,"",NA,"",NA
0.5,"Confess_Recant",1.37401185770751,2,0,2,6.5,6.5,1.78075396825396,1.88586956521739,-1.03441060218553,0,"4",2,"19","1",1,"the letter i",2,"",NA,"",NA,"",NA,"",NA,"",NA,"",NA
-0.5,"Maintain_Innocence",-0.75098814229249,-1,0,-4,-8.5,-8.5,1.03075396825396,0.760869565217392,0.495001162520345,1,"4",2,"20","1",2,"Writing Style ",2,"g",2,"I",2,"t",2,"e",2,"u",2,"a",2
0.5,"Confess_Recant",-0.000988142292490224,1,0,-1,5.5,4.5,1.03075396825396,1.01086956521739,0.200883515461525,0,"4",5,"23","1",2,"The letter I, very wide and bold, in A it's casually written as a threat, in B it's formally written, but I is still big and wide",2,"The letter y, the person writes it as a combination of u and y",2,"",NA,"",NA,"",NA,"",NA,"",NA
-0.5,"Maintain_Innocence",-1.62598814229249,-1,-7,-2,-5.5,-6.5,-1.46924603174604,-1.48913043478261,0.553824691932105,-3,"2",3,"20","2",1,"The capital I's are slightly different",1,"The lowercase u's are different",1,"The S's are different",1,"The writings are at two different slants",1,"The spacing of the letters are different",1,"The o's are different",1,"The k's are different",1
-0.5,"Maintain_Innocence",0.49901185770751,-1,0,1,-2.5,-3.5,1.1140873015873,0.760869565217392,-0.0932341315973053,-2,"4",2,"20","2",1,"the way the ""e"" was written",2,"the slight tilt of the ""I"" ",2,"letter ""g""",2,"the letter ""a""",2,"the way he wrote ""s""",2,"""keep"" and ""agree"" (when he connects his words)",2,"t",2
0.5,"Confess_Recant",-0.62598814229249,0,0,2,-6.5,-5.5,1.44742063492063,-1.11413043478261,0.612648221343875,-1,"1",2,"20","2",2,"the I shape",2,"",NA,"",NA,"",NA,"",NA,"",NA,"",NA
0.5,"Confess_Recant",-1.87598814229249,1,-1,0,-5.5,4.5,1.03075396825396,-0.239130434782608,-0.210881190420835,-2,"2",2,"19","2",2,"the connection of the e's after thr pervious letter in the second exibit are not the same as the first",1,"",NA,"",NA,"",NA,"",NA,"",NA,"",NA
-0.5,"Maintain_Innocence",-1.12598814229249,-1,0,1,-2.5,-2.5,0.364087301587304,1.26086956521739,0.0832364566379953,-1,"4",2,"21","2",1,"The a's are rather similar ",0,"the m's are differnt ",2,"the e's are differnent",2,"The spacing of words ",2,"the t's are different",1,"",NA,"",NA
0.5,"Confess_Recant",-0.000988142292490224,0,0,2,3.5,-3.5,-0.969246031746035,0.0108695652173916,1.02441292722622,-2,"1",3,"20","2",2,"the capitol letters and the Ls and Is are very tall",2,"I",2,"L",2,"T",2,"",NA,"",NA,"",NA
0.5,"Confess_Recant",2.24901185770751,1,-3,1,-5.5,-2.5,0.530753968253965,0.0108695652173916,-0.799116484538475,0,"4",2,"18","2",2,"I think its not similar",1,"letter s",2,"The text above is slanted",2,"The following text is straight forward",2,"The text above is longer",1,"The text below is flatter",1,"K",2
-0.5,"Maintain_Innocence",-1.50098814229249,-1,2,-1,3.5,-3.5,-0.635912698412696,-0.614130434782608,0.906765868402696,-2,"6",3,"19","2",1,"the similar letters, the first note might be rushed and not neat like the second but some of the letters are similar",1,"the letter e is very close",2,"although the capital I looks different, it could be because one was written in a hurry",1,"the letter n is the same",0,"the K is the same",0,"the same punctuation use",0,"the letter y is the same too",0
-0.5,"Maintain_Innocence",-1.50098814229249,-2,0,-3,-1.5,-6.5,-0.0525793650793656,0.260869565217392,0.200883515461525,-1,"4",2,"19","2",2,"G",2,"K",2,"T",2,"i",2,"",NA,"",NA,"",NA
0.5,"Confess_Recant",-0.25098814229249,0,-5,-1,-5.5,-5.5,-0.135912698412696,0.510869565217392,-0.740292955126715,-1,"4",3,"20","2",1,"The handwriting aspect of the writing aspect informed my opinion.",2,"agree- the g and the a",2,"The ""I"" is also written differently",1,"the g in rights is also written differently",1,"The spacing of the words is also different ",1,"The i's are also written differently.",1,"The s is also slightly different.",1
0.5,"Confess_Recant",-0.25098814229249,0,-3,-3,-2.5,-6.5,-1.1359126984127,-0.864130434782608,0.200883515461525,-2,"4",3,"18","1",1,"The letter ""h"" has a different concavity",1,"The letter ""g"" looks more disconnected in the robber's note",1,"The letter ""r"" looks curvier to me in the waiving of rights",2,"The angle of the letters is slightly slanted on the robber's note",2,"The ""o"" is a differnet shape with the robber's being rounder",1,"The ""t"" is crossed lower consistently on Hines's waiver.",2,"These pieces of information mean that Mr. Hines did not right the note, and is most likely not the robber",2
-0.5,"Maintain_Innocence",-1.87598814229249,-1,0,2,5.5,5.5,-1.55257936507937,-1.36413043478261,1.083236456638,-2,"1",3,"20","2",2,"The double L",2,"The capital i",2,"",NA,"",NA,"",NA,"",NA,"",NA
0.5,"Confess_Recant",-2.37598814229249,1,3,2,5.5,5.5,-2.21924603174604,-1.61413043478261,-0.681469425714945,-3,"1",2,"20","2",1,"m in time and m in me look very similar",0,"the a's look similar ",0,"the overall curly style of writing is similar",0,"",NA,"",NA,"",NA,"",NA
-0.5,"Maintain_Innocence",0.37401185770751,-1,0,-1,-5.5,-5.5,-0.135912698412696,-0.364130434782608,-1.21088119042084,-1,"6",2,"18","2",2,"I'm not completely sure both handwritings look really basic which confused me. ",2,"The t's are different. ",1,"The I's look similar ",0,"",NA,"",NA,"",NA,"",NA
0.5,"Confess_Recant",1.62401185770751,1,2,2,3.5,5.5,0.280753968253965,-0.614130434782608,-1.44617530806789,0,"4",2,"19","2",1,"“I” end with slightly left up",2,"“ke” and “ee” “de” are connected",2,"“r”s similar",0,"“s”s similar",0,"“ll”and“ll” “lk” not connected",2,"“t”s similar",0,"nothing more",1
-0.5,"Maintain_Innocence",-1.87598814229249,-1,-4,1,-6.5,-6.5,-1.80257936507937,0.385869565217392,-2.09323413159731,-3,"4",2,"20","2",1,"The spacing of the words. ",2,"The letter ""I"" is most distinctly different",1,"The ""e""s are different",1,"One letter is more spaced out than the other one. ",1,"The letters are closer together in one.",2,"The period mark.",2,"The a's are slightly different",1
0.5,"Confess_Recant",-2.87598814229249,0,1,3,5.5,6.5,-1.8859126984127,-1.73913043478261,0.553824691932105,-3,"1",3,"18","1",2,"The u's, h's, and a's all look quite similar and everything else in the story was odd.",0,"a",2,"h",2,"u",2,"g",2,"",NA,"",NA
-0.5,"Maintain_Innocence",-0.000988142292490224,-2,-6,1,-6.5,-6.5,0.364087301587304,-0.989130434782608,-2.2697047198326,0,"1",3,"21","2",1,"handwriting is less messy",1,"g's are different",1,"spaced out more",1,"h's are different",1,"singled spaced",2,"u's are different",1,"m's are different",1
0.5,"Confess_Recant",1.12401185770751,1,1,2,4.5,3.5,0.947420634920634,0.385869565217392,-0.622645896303185,0,"1,6",3,"22","1",2,"The similarity in handwriting.",0,"And his case. ",2,"",NA,"",NA,"",NA,"",NA,"",NA
0.5,"Confess_Recant",1.24901185770751,1,-1,-1,-5.5,-4.5,-0.302579365079366,-0.739130434782608,0.0832364566379953,-2,"4",3,"23","1",2,"I think the spacing between letters and the height of the letters between the two samples looked different.",1,"I",2,"i",2,"o",2,"s",2,"a",2,"e",2
-0.5,"Maintain_Innocence",1.87401185770751,-1,-1,-3,-6.5,-6.5,0.697420634920634,-0.114130434782608,0.318530574285055,0,"4",2,"18","2",1,"Letters in exhibit A mostly slope to the right, while letters in exhibit B are most upright.",2,"Letters in exhibit A is rounder than exhibit B",1,"",NA,"",NA,"",NA,"",NA,"",NA
-0.5,"Maintain_Innocence",0.87401185770751,-1,-6,-3,-6.5,-7.5,-2.71924603174604,-1.36413043478261,0.377354103696815,-3,"1,6",3,"20","2",1,"The lowercase h in the handwriting sample was notably different from that one in the note. ",1,"There was also a difference in the lowercase g. ",1,"The lowercase a was also different in the sample compared to the note. ",1,"The spacing between lines was greater in the note than in the sample . ",1,"No more opinions ",1,"No more opinions ",1,"The evidence of the handwriting does not lead me to believe that Mr. Hines committed the crime. ",2
0.5,"Confess_Recant",0.99901185770751,0,0,1,1.5,-1.5,1.44742063492063,1.13586956521739,-0.210881190420835,1,"1",2,"18","1",2,"I belive that the suspect is gulty but I dont belive there is enough concrete evidence meaning he should be able to walk",2,"",NA,"",NA,"",NA,"",NA,"",NA,"",NA
-0.5,"Maintain_Innocence",0.74901185770751,0,0,-4,-7.5,-6.5,1.19742063492063,0.385869565217392,0.200883515461525,0,"4",2,"20","2",1,"The starting point of the letter O",2,"Mr Hines' O starts from the top while the robber's O starts from the left hand bottom",2,"",NA,"",NA,"",NA,"",NA,"",NA
0.5,"Confess_Recant",1.74901185770751,0,0,-2,-5.5,-5.5,-0.0525793650793656,-0.864130434782608,1.61264822134387,1,"1",3,"21","1",2,"The fact that he wrote at an angle in A but without lined paper wrote perfectly straight in B. Also no mention of police finding the gun or money. ",2,"a",2,"t",2,"l",2,"e",2,"I",2,"h",2
-0.5,"Maintain_Innocence",-0.000988142292490224,-2,0,-2,-2.5,-2.5,1.6140873015873,-0.864130434782608,0.200883515461525,1,"2",2,"18","2",1,"The g's, s's and the c's do not aligned and I am sure that his alliable can be proven with video footage.",2,"he g's, s's and the c's do not aligned and I am sure that his alliable can be proven with video footage.",2,"",NA,"",NA,"",NA,"",NA,"",NA
0.5,"Confess_Recant",-2.75098814229249,0,-1,1,-2.5,-5.5,-0.385912698412696,0.510869565217392,-0.799116484538475,-1,"1,6",3,"22","2",2,"The lowercase ""g"" because it is written completely different in the two notes",1,"g",2,"y",2,"a",2,"",NA,"",NA,"",NA
-0.5,"Maintain_Innocence",0.74901185770751,0,-1,1,-7.5,-5.5,0.0307539682539648,-0.489130434782608,-0.799116484538475,NA,"",NA,"v","",2,"Text has a moodboard when they are written",2,"A is stronger, we can feel that the robber is really wild and nervous",2,"B is more normal, with different temperament than A",1,"",NA,"",NA,"",NA,"",NA
0.5,"Confess_Recant",-0.62598814229249,0,2,2,3.5,-4.5,-2.1359126984127,0.385869565217392,-0.387351778656125,-2,"1",2,"19","2",1,"The way the ""h"" and ""I"" were written and the general similarity between the shapes of the letters",0,"The letters look similar and they have similar spacing",0,"",NA,"",NA,"",NA,"",NA,"",NA
0.5,"Confess_Recant",-2.12598814229249,-2,0,-3,-8.5,-8.5,2.28075396825396,-1.73913043478261,1.96558939781447,1,"1,6",3,"21","2",2,"The letter I indicated show to be much different from each other on the two notes. The ""y"" in the bottom note is written in one shot, no lift of the pen, while the ""y"" written by the robber is written through separated pen strokes. The lowercase ""g""'s differ in that the top written sample has a more extended and exaggerated end of the ""g"" while the bottom sample is not as exaggerated. Finally, the letter ""t""'s differ in that the ones written in the sample on the bottom have a perpendicular stroke to the vertical portion of the t, more towards the middle or bottom of the letter, while in the first sample provided the stroke is more towards the top of the vertical line. Therefore, they are not the same, similar yes, but noticeably different.  ",2,"The letter ""y""(lowercase)",2,"The Letter ""g"" (lowercase)",2,"The letter ""t""",2,"The letters ""a"" ",2,"The letter ""r""",2,"The letter ""m""",2
-0.5,"Maintain_Innocence",0.49901185770751,-1,5,2,6.5,6.5,-0.552579365079366,0.510869565217392,-0.799116484538475,-2,"6",3,"18","1",1,"The way he spells his “a” is the same ",0,"The way he spells his “s” is the same ",0,"The way he spells his “h” is the same ",0,"Both of the samples seem to be a in a more formal tone ",1,"The way he spells his “t” is the same ",0,"The way he spells his “o” is the same ",0,"The way he spells his “r” is the same ",0
-0.5,"Maintain_Innocence",0.37401185770751,-1,0,2,6.5,5.5,0.447420634920634,-0.739130434782608,0.0832364566379953,-2,"6",2,"18","2",1,"g and k and r",2,"The g's and k's were really similiar. Especially the g. ",2,"",NA,"",NA,"",NA,"",NA,"",NA
0.5,"Confess_Recant",-0.50098814229249,1,3,3,6.5,-2.5,-0.0525793650793656,0.135869565217392,-0.563822366891425,1,"4",3,"21","1",2,"the letter 'I' tilts in a similar fashion",0,"the letter 'a' is similar",0,"the proportional size of the letter 'I' to the rest of the letters are similar as well",0,"",NA,"",NA,"",NA,"",NA
-0.5,"Maintain_Innocence",-0.37598814229249,-1,-5,-2,-1.5,-2.5,-1.3859126984127,1.88586956521739,0.495001162520345,0,"1,6",3,"21","1",1,"The letter shaping, word spacing, and letter slant",2,"Exhibit B writes ""k"" with more straight branches from the main line. ",1,"The ""I's"" are more straight in Exhibit B than A, which are more angled",1,"The ""L's"" in A slant right while the ""L's"" in B slant left.",2,"The left leg of the ""h"" in Exhibit A is constantly higher than the right leg. This is not seen in Exhibit B.",1,"The spacing between words is less.",1,"The spacing between lines is less",1
0.5,"Confess_Recant",-1.37598814229249,-2,0,-2,-6.5,-6.5,-0.635912698412696,-0.614130434782608,-1.2697047198326,-2,"6",3,"20","2",2,"e",2,"g ",2,"t",2,"u",2,"h",2,"l",2,"k",2
0.5,"Confess_Recant",-0.37598814229249,1,0,2,5.5,6.5,-0.802579365079366,-1.61413043478261,-0.740292955126715,-3,"2",3,"18","2",1,"the 'h's ",2,"how he writes his a's",2,"the 's's",2,"",NA,"",NA,"",NA,"",NA
0.5,"Confess_Recant",-0.12598814229249,1,0,2,5.5,5.5,0.530753968253965,-0.489130434782608,-0.563822366891425,-3,"6",2,"20","2",2,"The letters that are repeated so majority of the vowels, ",2,"A",2,"E",2,"I",2,"O",2,"U",2,"T",2
-0.5,"Maintain_Innocence",0.62401185770751,-1,0,-2,-5.5,-7.5,1.44742063492063,1.13586956521739,1.14205998604976,0,"4",2,"19","2",2,"I",2,"K",2,"h",2,"y",2,"r",2,"",NA,"",NA
-0.5,"Maintain_Innocence",-0.75098814229249,-2,0,3,-1.5,2.5,0.0307539682539648,0.510869565217392,-0.681469425714945,0,"4",3,"20","2",1,"writing style ",2,"space between each word",2,"",NA,"",NA,"",NA,"",NA,"",NA
0.5,"Confess_Recant",-1.25098814229249,1,0,1,-6.5,-7.5,-0.135912698412696,0.135869565217392,-0.210881190420835,-1,"1",2,"19","2",2,"handwriting slightly dissimilar; too rounded. ",2,"not guilty plea",2,"finally, teller and customer were doubtful in their statements",2,"maybe even prejudice",2,"",NA,"",NA,"",NA
0.5,"Confess_Recant",0.99901185770751,-1,-1,-3,-6.5,-6.5,-0.802579365079366,0.635869565217392,0.553824691932105,-2,"4",2,"20","2",1,"Style of writing and letters",2,"Way of writing letters were different especially the Gs",1,"The bottom is perfectly lined together and neat the one on top is not",2,"",NA,"",NA,"",NA,"",NA
-0.5,"Maintain_Innocence",-0.37598814229249,0,-1,-1,3.5,2.5,0.280753968253965,1.13586956521739,0.259707044873285,0,"4",3,"22","2",1,"letter g, r, and s, general skewness of the writing; but letter l, m and t",2,"There are some similarities that are hard to overlook, like how some letters like l, m, and t are writte.",0,"But A has distinct s that are quite different from B",1,"B looks more neat and less skewed, but given the condition it's reasonable.",1,"However, if Hines was guilty, he might know his handwriting would be compared. Therefore, he might not use his normal handwriting and B would look drastically different from A. Therefore, the similarity is suspicious.",2,"",NA,"",NA
-0.5,"Maintain_Innocence",1.12401185770751,-1,-1,-2,-6.5,-5.5,1.03075396825396,1.01086956521739,0.495001162520345,0,"2,6",4,"18","1",2,"certain reoccurring letters in both that do not match. If they are reoccuring in bth that means its harder to fake the handwriting which menas that two different people wrote those lettters.",1,"",NA,"",NA,"",NA,"",NA,"",NA,"",NA
-0.5,"Maintain_Innocence",0.74901185770751,0,0,2,2.5,-1.5,0.530753968253965,-0.489130434782608,1.20088351546153,0,"4",2,"20","2",1,"The shape of the letters seemed incredibly similar, which is what",0,"ultimately guided my opinion. However, the slant of the bank ",2,"note is not visible in the police form, which makes me slightly",2," less confident. Nonetheless, I assume that the slant could be ",1,"due to the writer being in a rush or determined by some emotion",2," that was different at the time of writing the police form, whereas ",1,"the shape of the letters being the same seems harder to account for. ",0
0.5,"Confess_Recant",0.99901185770751,0,0,-2,-2.5,-2.5,1.53075396825396,1.63586956521739,-0.328528249244365,1,"4",2,"19","2",1,"space between words",2,"period sign",2,"how they write the letters ",2,"size of the words",2,"",NA,"",NA,"",NA
-0.5,"Maintain_Innocence",-0.25098814229249,-1,-2,1,-5.5,-2.5,-1.46924603174604,-0.239130434782608,-0.563822366891425,-2,"4",3,"18","2",1,"spacing between words did not match up",2,"spacing between letters in words did not match up",2,"some letters in Exhibit B were connected such as the 'de' in 'understand' and 're' in 'remain' and that did not show up in exhibit A",2,"the direction the letters tilt are different. they tilt more to the right in exhibit A",1,"the m in 'me' in exhibit A starts with a down stroke and that is not as obvious in the m in 'my' in exhibit b",2,"the horizontal stroke in lowercase t is lower in exhibit B",2,"letters in exhibit A look more shallow/wider",1
-0.5,"Maintain_Innocence",1.62401185770751,1,-2,-2,-6.5,-4.5,0.864087301587304,0.0108695652173916,1.49500116252034,1,"1",3,"21","1",1,"The ""I"" is written differently.",1,"The spacing between each word is inconsistent in the two notes.",2,"The handwriting is significantly different. the latter is much neater",1,"",NA,"",NA,"",NA,"",NA
0.5,"Confess_Recant",-1.00098814229249,-1,-4,2,-5.5,-6.5,-2.1359126984127,-1.73913043478261,1.61264822134387,-2,"1",3,"21","1",2,"The letters ""e"" in both notes are very similar, with a ""squished"" effect",1,"The capitalized ""I"" in both notes are also similar, with a wide top and Bottom, and a slight slant.",1,"The ""a"" in each note share similarities in height and shape. ",1,"The ""r"" in both notes also share similarities in the almost v shape that they assume. Therefore, I recognize the similarities in the handwriting, but I think that the rest of the case's context points to a verdict of ""not guilty;"" thus, I determined that the similarities are by chance and the notes are not written by the same person.",1,"",NA,"",NA,"",NA
0.5,"Confess_Recant",1.24901185770751,1,0,2,6.5,6.5,0.530753968253965,0.760869565217392,-0.975587072773775,-2,"4",3,"18","2",2,"I",2,"e",2,"t",2,"y",2,"k",2,"w",2,"r",2
-0.5,"Maintain_Innocence",0.37401185770751,0,-1,1,-5.5,-3.5,-0.969246031746035,0.385869565217392,0.142059986049755,-2,"4",2,"19","1",1,"The letter 'l'",2,"It tilts to one side in the robbery note, and the other side in the handwriting form, indicating different hands being used probably?",1,"",NA,"",NA,"",NA,"",NA,"",NA
0.5,"Confess_Recant",0.12401185770751,1,7,0,-5.5,5.5,1.8640873015873,0.135869565217392,0.789118809579165,2,"1",2,"18","1",2,"The letter I appears the same in both.",0,"The letter r looks the same in both.",0,"The e is similar.",0,"The t is similar.",0,"The h is quite similar.",0,"The a's are structured similarly.",0,"The m is similar in both.",0
-0.5,"Maintain_Innocence",-1.37598814229249,0,1,1,-4.5,-5.5,0.530753968253965,1.13586956521739,-0.681469425714945,0,"4",2,"20","2",2,"""I"" is written in a relatively bigger size",1,"""s"" looks similar",0,"""y"" looks similar",0,"but ""u"" is bit differnt",2,"",NA,"",NA,"",NA
0.5,"Confess_Recant",-0.75098814229249,-1,-1,2,-2.5,-2.5,-2.55257936507937,-1.61413043478261,1.25970704487329,-2,"1",3,"19","1",1,"Letter density",2,"the two samples have a very different letter density and vertical to",1,"horizontal ratio. Though many letters have a similar formation, ",0,"The writing in exhibit B is taller, denser, and more bubbly than",1,"anything in A. It could be his handwriting, but I didn't find the samples",2,"conclusive enough to say it absolutely is. ",2,"",NA
0.5,"Confess_Recant",1.74901185770751,0,-2,-1,-5.5,-5.5,1.28075396825396,-0.739130434782608,-0.0344106021855346,1,"4",3,"19","1",1,"letter“g” I think that's different",1,"letter“t“ is different",1,"”I“",2,"”r“",2,"”e“",2,"”m“",2,"”l“",2
-0.5,"Maintain_Innocence",0.87401185770751,0,1,3,4.5,4.5,0.947420634920634,1.13586956521739,-0.504998837479655,0,"1",2,"19","2",2,"Many letters, such as y, are written the same.",0,"Handwriting",2,"Alliby",2,"Nervousness",2,"Lineup",2,"Identification",2,"Guilt",2
0.5,"Confess_Recant",-0.37598814229249,-1,0,1,-5.5,-5.5,-1.05257936507937,-0.989130434782608,-0.504998837479655,-2,"6",2,"19","2",1,"g not being fully closed ",2,"Curvature of the r",2,"",NA,"",NA,"",NA,"",NA,"",NA
-0.5,"Maintain_Innocence",-0.50098814229249,-1,-2,-2,-6.5,-6.5,-2.30257936507937,-1.36413043478261,1.9067658684027,-2,"4",3,"19","1",2,"G - they look dissimilar, especially the curvature at the end",2,"Uppercase I - bank robbery note I has lines that extend past each other while the handwriting has them strictly touching",2,"The bank robbery note handwriting is more vertical, waiver is more horizontal",1,"Bank robbery note - first letters of each word are typically much larger than the rest, not the case for the waiver",1,"",NA,"",NA,"",NA
0.5,"Confess_Recant",-1.50098814229249,0,1,-2,-5.5,-4.5,-1.1359126984127,-1.11413043478261,0.0244129272262255,-2,"1",3,"20","2",1,"letter shape",2,"I looked at certain letters like S or G and tried to compare how similar they were.",0,"",NA,"",NA,"",NA,"",NA,"",NA
-0.5,"Maintain_Innocence",-2.00098814229249,0,-2,-2,-6.5,-6.5,-0.385912698412696,-1.61413043478261,-2.38735177865613,-2,"2",3,"20","2",1,"The way the letters are written and the spacing of the words look different",1,"In the exhibit A the words are more far apart and in the Exhibit B the words are closer together. Also the style/font of the letters are different. In exhibit B, the dependent tends to connect his “e’s” to other letters and in exhibit A the e’s are mainly separate. ",1,"",NA,"",NA,"",NA,"",NA,"",NA
0.5,"Confess_Recant",-1.12598814229249,-1,-1,-2,-6.5,-4.5,-1.96924603174604,-1.36413043478261,1.37735410369682,-3,"4",2,"19","2",1,"Spacing between the words",2,"The consistency of the ""I"" in the second letter compared to the first",2,"The shape of the m",2,"The letters on top are slightly more right leaning",1,"The ""e"" in the second letter is almost always connected to the letter before it",2,"The shape of the ""h""",2,"The shape of the ""r""",2
0.5,"Confess_Recant",-0.50098814229249,1,4,2,4.5,2.5,-1.05257936507937,-0.864130434782608,-0.622645896303185,-1,"2",3,"21","1",1,"both seem to write a bit sloppy, not closing g's consistently",2,"the way the period is written next to the last word seems similar",0,"the ""w""s in will and lawyer are very similar",0,"the I's are very similar",0,"overall the text looks physically similar, writing style and how deep the ink on the letters is",0,"the way the above note is written is very ""polite"", the bottom note is also written this way using periods corerectly in both.",2,"writes very tall l's",2
-0.5,"Maintain_Innocence",-2.50098814229249,-1,0,1,-4.5,-4.5,-1.3859126984127,-0.989130434782608,-1.32852824924437,-2,"2",3,"22","2",2,"looking at the k",2,"how the I are written",2,"",NA,"",NA,"",NA,"",NA,"",NA
0.5,"Confess_Recant",0.99901185770751,0,-6,-2,-2.5,-6.5,0.197420634920634,0.510869565217392,1.25970704487329,-1,"6",3,"21","1",1,"The r's are different.",1,"The u's are slightly different.",1,"The t's are different.",1,"The I's are slightly different.",1,"The h's are different ",1,"The dots in the i's are slightly different.",1,"The L's in each note slant in opposite directions.",2
-0.5,"Maintain_Innocence",-1.37598814229249,-1,-1,-3,-1.5,-7.5,-0.302579365079366,0.260869565217392,0.965589397814465,-2,"1,6",3,"20","2",2,"The writing style is completely different, you can see it with the elongation differences of the letters as well as the way the first one crosses the I's or slashes the T's, honestly every letter is different from the two. ",1,"I ",2,"K ",2,"T",2,"g",2,"o",2,"r",2
0.5,"Confess_Recant",0.74901185770751,0,-1,-1,-5.5,-4.5,-1.55257936507937,-0.114130434782608,-0.328528249244365,-2,"4",2,"20","2",2,"The size of the letters and the cursive nature",2,"The bank note appears to be written in large letters and the person writing it has slightly cursive handwriting which is not resembled by Mr.Hines' note",2,"The letter l is different ",1,"the spacing of the words",2,"the letter a ",2,"cursive nature",2,"how straight the line is",2
-0.5,"Maintain_Innocence",-1.25098814229249,-1,-4,-2,-6.5,-7.5,0.364087301587304,-0.864130434782608,-0.563822366891425,0,"4",2,"19","2",1,"The way the I's are written are diffrent one is more straight the other is slanted ",1,"The letter S is also different in how its written",1,"the letter a is also different the line is a bit longer in the second letter",1,"the two LLs are written closer together in the second letter ",2,"The h is also not simular ",2,"i was unsure because the u was simular ",2,"the e is different",1
0.5,"Confess_Recant",-2.62598814229249,-1,0,2,-6.5,-6.5,-1.55257936507937,-1.48913043478261,1.31853057428506,-3,"",2,"19","2",2,"Articulation of words",2,"punctuation ",2,"first writing looks almost cursive",2," ",2," ",2," ",2," ",2
-0.5,"Maintain_Innocence",1.12401185770751,1,1,1,5.5,5.5,0.947420634920634,1.26086956521739,-0.622645896303185,1,"4",5,"20","1",1,"I saw the way that Hines wrote his c's and the 2 exhibits had awfully similar c's",0,"The tilted I's",2,"The a's",2,"the comic sans format",2,"the r's",2,"the t's",2,"the o's",2
-0.5,"Maintain_Innocence",-1.12598814229249,2,3,2,2.5,8.5,0.780753968253965,1.38586956521739,0.0244129272262255,1,"4",3,"21","1",2,"The letter l as well A are similar from both exhibitions ",0,"The space between each word are  almost the same from two exhibits ",0,"The format are similar ",0,"None",2," None",2,"None ",2," None",2
0.5,"Confess_Recant",0.62401185770751,0,-6,-3,-6.5,-5.5,0.197420634920634,-0.364130434782608,-0.152057661009064,-1,"4",3,"20","1",1,"the letter i, the way he draws the dot is dissimilar to the first letter",2,"The overall handwriting is different",1,"The spacing is different too",1,"the letter r are different",1,"the bottom sample is more put together and concise",1,"the letter e is written different ",1,"k is written differently",1
-0.5,"Maintain_Innocence",-0.000988142292490224,-1,-1,2,3.5,-4.5,1.19742063492063,0.260869565217392,-0.446175308067895,0,"4",3,"24","2",1,"the way the ""r"" was written",2,"and there's no specific letter that they write in total different way",1,"the way the ""n"" was written",2,"",NA,"",NA,"",NA,"",NA
0.5,"Confess_Recant",0.49901185770751,-1,0,-3,-6.5,-6.5,-1.30257936507937,-0.989130434782608,-0.563822366891425,-1,"4",3,"19","2",2,"G",2,"Q",2,"u",2,"r",2,"a",2,"n",2,"o",2
-0.5,"Maintain_Innocence",-2.25098814229249,-1,-5,0,-3.5,-5.5,-1.55257936507937,-1.11413043478261,0.318530574285055,-2,"2",3,"21","2",1,"the letter i is different",1,"the letter a is different",1,"the words are sloppier on the first one then the second",1,"the letter g is the same",0,"the un next to each other are different",1,"the r is different",1,"the e is also different",1
